metric,k,"cats off, norm off","cats off, norm on","cats on, norm off","cats on, norm on"
chebyshev,1,0.722,0.875,0.722,0.880
chebyshev,3,0.709,0.898,0.709,0.881
chebyshev,5,0.721,0.905,0.721,0.895
chebyshev,9,0.742,0.905,0.742,0.899
chebyshev,15,0.738,0.901,0.738,0.895
chebyshev,25,0.744,0.893,0.744,0.827
chebyshev,45,0.756,0.856,0.756,0.702
euclidean,1,0.728,0.865,0.730,0.872
euclidean,3,0.737,0.898,0.737,0.891
euclidean,5,0.759,0.919,0.759,0.905
euclidean,9,0.751,0.905,0.751,0.900
euclidean,15,0.750,0.891,0.750,0.900
euclidean,25,0.756,0.900,0.756,0.850
euclidean,45,0.764,0.880,0.762,0.822
manhattan,1,0.751,0.875,0.757,0.878
manhattan,3,0.746,0.894,0.752,0.890
manhattan,5,0.761,0.899,0.759,0.897
manhattan,9,0.752,0.910,0.754,0.893
manhattan,15,0.755,0.895,0.756,0.894
manhattan,25,0.759,0.890,0.758,0.850
manhattan,45,0.763,0.878,0.764,0.818
